Cube Size, Time (s)
101, 0.5922269821166992
201, 4.540922403335571
301, 14.982724666595459
401, 33.86247754096985
501, 65.1401572227478
