Cube Size, Time (s)
101, 1.03190279006958
201, 3.6184072494506836
301, 10.724143028259277
401, 23.863860607147217
501, 44.132697105407715
