Cube Size, Time (s)
101, 0.5211095809936523
201, 3.27182674407959
301, 10.299383640289307
401, 23.592740058898926
501, 45.22480297088623
