Cube Size, Time (s)
101, 0.3171732425689697
201, 2.3129751682281494
301, 5.743133544921875
401, 0.22818541526794434
501, 0.15584945678710938
601, 0.16141128540039062
701, 0.18716716766357422
801, 0.3167600631713867
901, 0.18312597274780273
