Cube Size, Time (s)
101, 0.6050348281860352
201, 4.605428695678711
